,index,0
0,const,9200.743458475547
1,Season_Spring,-53.4249726997394
2,Season_Summer,-272.95683686967766
3,Season_Winter,-782.447388485255
